Health Center Name,City,State,Status
"BAYOU LA BATRE AREA HEALTH DEVELOPMENT BOARD, INC",BAYOU LABATRE,AL,Invited
ALABAMA REGIONAL MEDICAL SERVICES,BIRMINGHAM,AL,Invited
"CHRIST HEALTH CENTER, INC.",BIRMINGHAM,AL,Invited
CAHABA MEDICAL CARE FOUNDATION,CENTREVILLE,AL,Participating
QUALITY OF LIFE HEALTH SERVICES INC,GADSDEN,AL,Participating
AIDS ACTION COALITION OF HUNTSVILLE,HUNTSVILLE,AL,Invited
"ALTAPOINTE HEALTH SYSTEMS, INC.",MOBILE,AL,Participating
"FRANKLIN PRIMARY HEALTH CENTER, INC.",MOBILE,AL,Participating
MOBILE COUNTY BOARD OF HEALTH,MOBILE,AL,Participating
"HEALTH SERVICES, (INC)",MONTGOMERY,AL,Invited
"NORTHEAST ALABAMA HEALTH SERVICES, INC.",SCOTTSBORO,AL,Invited
"RURAL HEALTH MEDICAL PROGRAM, INC.",SELMA,AL,Invited
SOUTHEAST ALABAMA RURAL HEALTH ASSOCIATES,TROY,AL,Invited
"WHATLEY HEALTH SERVICES, INC.",TUSCALOOSA,AL,Invited
"ALEUTIAN PRIBILOF ISLANDS ASSOCIATION, INC.",ANCHORAGE,AK,Invited
"EASTERN ALEUTIAN TRIBES, INC.",ANCHORAGE,AK,Participating
SOUTHCENTRAL FOUNDATION,ANCHORAGE,AK,Invited
BETHEL FAMILY CLINIC,BETHEL,AK,Invited
YUKON-KUSKOKWIM HEALTH CORPORATION,BETHEL,AK,Invited
NATIVE VILLAGE OF EYAK,CORDOVA,AK,Participating
BRISTOL BAY AREA HEALTH CORPORATION,DILLINGHAM,AK,Invited
DENA' NENA' HENASH,FAIRBANKS,AK,Invited
COUNCIL OF ATHABASCAN TRIBAL GOVERNMENTS,FORT YUKON,AK,Invited
KODIAK AREA NATIVE ASSOCIATION,KODIAK,AK,Invited
MANIILAQ ASSOCIATION,KOTZEBUE,AK,Invited
NORTON SOUND HEALTH CORPORATION,NOME,AK,Invited
SELDOVIA VILLAGE TRIBE,SELDOVIA,AK,Invited
YAKUTAT TLINGIT TRIBE,YAKUTAT,AK,Invited
DEPARTMENT OF HEALTH,PAGO PAGO,AS,Invited
"SUN LIFE FAMILY HEALTH CENTER, INC",CASA GRANDE,AZ,Participating
"CHIRICAHUA COMMUNITY HEALTH CENTERS, INC.",DOUGLAS,AZ,Invited
"NORTH COUNTRY HEALTHCARE, INC.",FLAGSTAFF,AZ,Invited
"UNITED COMMUNITY HEALTH CENTER-MARIA AUXILIADORA, INC.",GREEN VALLEY,AZ,Invited
"MARIPOSA COMMUNITY HEALTH CENTER, INC.",NOGALES,AZ,Invited
"ADELANTE HEALTHCARE, INC.",PHOENIX,AZ,Participating
CIRCLE THE CITY,PHOENIX,AZ,Invited
MARICOPA COUNTY SPECIAL HEALTH CARE DISTRICT,PHOENIX,AZ,Participating
MOUNTAIN PARK HEALTH CENTER,PHOENIX,AZ,Participating
"NATIVE AMERICAN COMMUNITY HEALTH CENTER, INC.",PHOENIX,AZ,Invited
TERROS INC,PHOENIX,AZ,Invited
"VALLE DEL SOL, INC.",PHOENIX,AZ,Invited
WESLEY COMMUNITY CENTER INC,PHOENIX,AZ,Participating
NEIGHBORHOOD OUTREACH ACCESS TO HEALTH,SCOTTSDALE,AZ,Participating
SUNSET COMMUNITY HEALTH CENTER,SOMERTON,AZ,Participating
TUBA CITY REGIONAL HEALTHCARE CORPORATION,TUBA CITY,AZ,Invited
"EL RIO SANTA CRUZ NEIGHBORHOOD HEALTH CENTER, INC.",TUCSON,AZ,Participating
ARCARE,AUGUSTA,AR,Invited
LEE COUNTY COOPERATIVE CLINIC,MARIANNA,AR,Invited
"JEFFERSON COMPREHENSIVE CARE SYSTEM, INC.",PINE BLUFF,AR,Invited
MAINLINE HEALTH SYSTEMS INC,PORTLAND,AR,Participating
"ST. FRANCIS HOUSE NWA, INC.",SPRINGDALE,AR,Participating
"EAST ARKANSAS FAMILY HEALTH CENTER, INC.",WEST MEMPHIS,AR,Invited
"NORTHEAST COMMUNITY CLINIC, THE",ALHAMBRA,CA,Invited
THE NORTHEAST COMMUNITY CLINIC â€“ FQHC LOOK ALIKE,ALHAMBRA,CA,Participating
"CENTRAL CITY COMMUNITY HEALTH CENTER, INC.",ANAHEIM,CA,Invited
OPEN DOOR COMMUNITY HEALTH CENTERS,ARCATA,CA,Invited
"EL PROYECTO DEL BARRIO, INC.",ARLETA,CA,Participating
AVENAL COMMUNITY HEALTH CENTER,AVENAL,CA,Participating
CLINICA SIERRA VISTA,BAKERSFIELD,CA,Participating
OMNI FAMILY HEALTH,BAKERSFIELD,CA,Participating
"FAMILY HEALTH CARE CENTERS OF GREATER LOS ANGELES, INC.",BELL GARDENS,CA,Invited
LIFELONG MEDICAL CARE,BERKELEY,CA,Participating
BORREGO COMMUNITY HEALTH FOUNDATION,BORREGO SPGS,CA,Invited
"CLINICAS DE SALUD DEL PUEBLO, INC.",BRAWLEY,CA,Participating
"KOREAN COMMUNITY SERVICES, INC.",BUENA PARK,CA,Invited
ALL-INCLUSIVE COMMUNITY HEALTH CENTER,BURBANK,CA,Invited
YEHOWA MEDICAL SERVICES,CARSON,CA,Participating
ALTAMED HEALTH SERVICES CORPORATION,COMMERCE,CA,Participating
"DE NOVO HEALTH CARE, INC.",COMPTON,CA,Invited
"R.O.A.D.S. FOUNDATION, INC., THE",COMPTON,CA,Invited
SHARE OUR SELVES CORPORATION,COSTA MESA,CA,Invited
ACHIEVABLE FOUNDATION THE,CULVER CITY,CA,Invited
COMMUNICARE HEALTH CENTERS,DAVIS,CA,Invited
"SOUTH COUNTY COMMUNITY HEALTH CENTER, INC.",E PALO ALTO,CA,Participating
"SOUTHERN CALIFORNIA MEDICAL CENTER, INC.",EL MONTE,CA,Invited
NEIGHBORHOOD HEALTHCARE,ESCONDIDO,CA,Participating
"SOLANO, COUNTY OF",FAIRFIELD,CA,Invited
BAY AREA COMMUNITY HEALTH,FREMONT,CA,Participating
UNITED HEALTH CENTERS OF THE SAN JOAQUIN VALLEY,FRESNO,CA,Participating
ST. JUDE NEIGHBORHOOD HEALTH CENTERS,FULLERTON,CA,Invited
"NHAN HOA COMPREHENSIVE HEALTH CARE CLINIC, INC.",GARDEN GROVE,CA,Participating
ALL FOR HEALTH HEALTH FOR ALL,GLENDALE,CA,Invited
"COMPREHENSIVE COMMUNITY HEALTH CENTERS, INC.",GLENDALE,CA,Invited
KARUK TRIBE,HAPPY CAMP,CA,Invited
BEHAVIORAL HEALTH SERVICES INC,HAWTHORNE,CA,Participating
"ALLIANCE MEDICAL CENTER, INC.",HEALDSBURG,CA,Invited
SAN BENITO HEALTH FOUNDATION,HOLLISTER,CA,Invited
IMPERIAL BEACH COMMUNITY CLINIC,IMPERIAL BCH,CA,Invited
"UNIVERSITY OF CALIFORNIA, IRVINE",IRVINE,CA,Invited
HI-DESERT MEMORIAL HEALTH CARE DISTRICT,JOSHUA TREE,CA,Invited
FRIENDS OF FAMILY HEALTH CENTER,LA HABRA,CA,Invited
BARTZ-ALTADONNA COMMUNITY HEALTH CENTER,LANCASTER,CA,Invited
LIVINGSTON COMMUNITY HEALTH,LIVINGSTON,CA,Participating
CHILDREN'S CLINIC 'SERVING CHILDREN AND THEIR FAMILIES' THE,LONG BEACH,CA,Invited
"COMMUNITY MEDICAL WELLNESS CENTERS, USA",LONG BEACH,CA,Invited
APLA HEALTH & WELLNESS,LOS ANGELES,CA,Invited
ARROYO VISTA FAMILY HEALTH FOUNDATION,LOS ANGELES,CA,Participating
"ASIAN PACIFIC HEALTH CARE VENTURE, INC.",LOS ANGELES,CA,Invited
BENEVOLENCE INDUSTRIES INCORPORATED,LOS ANGELES,CA,Invited
CENTRAL NEIGHBORHOOD HEALTH FOUNDATION,LOS ANGELES,CA,Invited
CHINATOWN SERVICE CENTER,LOS ANGELES,CA,Participating
"CLINIC INC, THE",LOS ANGELES,CA,Invited
CLINICA MSR. OSCAR A ROMERO,LOS ANGELES,CA,Invited
"COMPLETE CARE COMMUNITY HEALTH CENTER, INC.",LOS ANGELES,CA,Invited
HEALTH ACCESS FOR ALL INC.,LOS ANGELES,CA,Invited
"JWCH INSTITUTE, INC.",LOS ANGELES,CA,Participating
"KEDREN COMMUNITY HEALTH CENTER, INC.",LOS ANGELES,CA,Invited
KHEIR CLINIC,LOS ANGELES,CA,Participating
LOS ANGELES CHRISTIAN HEALTH CENTERS,LOS ANGELES,CA,Participating
"LOS ANGELES FREE CLINIC., THE",LOS ANGELES,CA,Invited
LOS ANGELES LGBT CENTER,LOS ANGELES,CA,Invited
PEDIATRIC & FAMILY MEDICAL CENTER,LOS ANGELES,CA,Participating
QUEENSCARE HEALTH CENTERS,LOS ANGELES,CA,Participating
"SAN JUDAS COMMUNITY HEALTH CENTER, INC.",LOS ANGELES,CA,Invited
SOUTH CENTRAL FAMILY HEALTH CENTER,LOS ANGELES,CA,Invited
ST ANTHONY MEDICAL CENTERS,LOS ANGELES,CA,Invited
"ST. JOHN'S WELL CHILD AND FAMILY CENTER, INC.",LOS ANGELES,CA,Participating
UNIVERSAL COMMUNITY HEALTH CENTER,LOS ANGELES,CA,Participating
"UNIVERSITY MUSLIM MEDICAL ASSOCIATION, INC.",LOS ANGELES,CA,Participating
"VIA CARE COMMUNITY HEALTH CENTER, INC.",LOS ANGELES,CA,Invited
WATTS HEALTHCARE CORPORATION,LOS ANGELES,CA,Invited
CAMARENA HEALTH,MADERA,CA,Participating
"CONTRA COSTA , COUNTY OF",MARTINEZ,CA,Participating
HARMONY HEALTH MEDICAL CLINIC AND FAMILY RESOURCE CENTER,MARYSVILLE,CA,Invited
PEACH TREE HEALTHCARE,MARYSVILLE,CA,Invited
GOLDEN VALLEY HEALTH CENTERS,MERCED,CA,Participating
BEVERLYCARE,MONTEBELLO,CA,Invited
"COMMUNITY HEALTH SYSTEMS, INC.",MORENO VALLEY,CA,Invited
AAA COMPREHENSIVE HEALTHCARE INC.,N HOLLYWOOD,CA,Invited
VALLEY COMMUNITY HEALTHCARE,N HOLLYWOOD,CA,Invited
OLE HEALTH,NAPA,CA,Invited
"OPERATION SAMAHAN, INC.",NATIONAL CITY,CA,Invited
TRI-STATE COMMUNITY HEALTHCARE CENTER,NEEDLES,CA,Invited
SIERRA FAMILY MEDICAL CLINIC INC,NEVADA CITY,CA,Invited
"COMMUNITY HEALTH CENTERS OF THE CENTRAL COAST, INC.",NIPOMO,CA,Participating
"MISSION CITY COMMUNITY NETWORK, INC.",NORTH HILLS,CA,Participating
MARIN COMMUNITY CLINIC,NOVATO,CA,Participating
"ALAMEDA, COUNTY OF",OAKLAND,CA,Participating
ASIAN HEALTH SERVICES,OAKLAND,CA,Participating
CHILDREN'S HOSPITAL & RESEARCH CENTER AT OAKLAND,OAKLAND,CA,Invited
"LA CLINICA DE LA RAZA, INC.",OAKLAND,CA,Participating
"WEST OAKLAND HEALTH COUNCIL, THE",OAKLAND,CA,Participating
"UNICARE COMMUNITY HEALTH CENTER, INC.",ONTARIO,CA,Invited
COUNTY OF VENTURA,OXNARD,CA,Participating
"CENTER FOR FAMILY HEALTH & EDUCATION, INC.",PANORAMA CITY,CA,Invited
COMMUNITY MEDICINE INC.,PARAMOUNT,CA,Invited
COMMUNITY HEALTH ALLIANCE OF PASADENA,PASADENA,CA,Invited
"AXIS COMMUNITY HEALTH, INC.",PLEASANTON,CA,Invited
POMONA COMMUNITY HEALTH CENTER,POMONA,CA,Invited
GREENVILLE RANCHERIA,RED BLUFF,CA,Invited
SHASTA COMMUNITY HEALTH CENTER,REDDING,CA,Invited
"REDWOODS RURAL HEALTH CENTER, INCORPORATED",REDWAY,CA,Invited
RIVERSIDE COUNTY HEALTH SYSTEM,RIVERSIDE,CA,Participating
HILL COUNTRY COMMUNITY CLINIC,ROUND MOUNTAIN,CA,Invited
CARES COMMUNITY HEALTH,SACRAMENTO,CA,Invited
"SACRAMENTO, COUNTY OF",SACRAMENTO,CA,Invited
CLINICA DE SALUD DEL VALLE DE SALINAS,SALINAS,CA,Participating
"MONTEREY, COUNTY OF",SALINAS,CA,Participating
"SAN BERNARDINO, COUNTY OF",SAN BERNARDINO,CA,Invited
"FAMILY HEALTH CENTERS OF SAN DIEGO, INC.",SAN DIEGO,CA,Participating
"LA MAESTRA FAMILY CLINIC, INC.",SAN DIEGO,CA,Participating
SAN DIEGO AMERICAN INDIAN HEALTH CENTER INC,SAN DIEGO,CA,Invited
SAN DIEGO FAMILY CARE,SAN DIEGO,CA,Invited
"ST. VINCENT DE PAUL VILLAGE, INC.",SAN DIEGO,CA,Invited
NORTHEAST VALLEY HEALTH CORPORATION,SAN FERNANDO,CA,Participating
SAN FERNANDO COMMUNITY HOSPITAL,SAN FERNANDO,CA,Participating
"ASIAN AND PACIFIC ISLANDER WELLNESS CENTER, INC.",SAN FRANCISCO,CA,Invited
MISSION AREA HEALTH ASSOCIATES,SAN FRANCISCO,CA,Invited
NORTH EAST MEDICAL SERVICES,SAN FRANCISCO,CA,Participating
SAN FRANCISCO COMMUNITY CLINIC CONSORTIUM,SAN FRANCISCO,CA,Participating
"SAN FRANCISCO MEDICAL CENTER OUTPATIENT IMPROVEMENT PROGRAMS, INCORPORATED",SAN FRANCISCO,CA,Invited
HERALD CHRISTIAN HEALTH CENTER,SAN GABRIEL,CA,Participating
"VALLEY HEALTH TEAM, INC.",SAN JOAQUIN,CA,Participating
"GARDNER FAMILY HEALTH NETWORK, INC.",SAN JOSE,CA,Invited
INDIAN HEALTH CENTER OF SANTA CLARA VALLEY,SAN JOSE,CA,Invited
"SANTA CLARA, COUNTY OF",SAN JOSE,CA,Invited
DAVIS STREET COMMUNITY CENTER INC,SAN LEANDRO,CA,Invited
NORTH COUNTY HEALTH PROJECT INCORPORATED,SAN MARCOS,CA,Participating
"SAN MATEO, COUNTY OF",SAN MATEO,CA,Invited
HARBOR COMMUNITY CLINIC,SAN PEDRO,CA,Invited
RITTER CENTER,SAN RAFAEL,CA,Invited
"CENTRO DE SALUD DE LA COMUNIDAD DE SAN YSIDRO, INC.",SAN YSIDRO,CA,Participating
"SERVE THE PEOPLE, INC.",SANTA ANA,CA,Invited
"SOUTHLAND INTEGRATED SERVICES, INC.",SANTA ANA,CA,Invited
AMERICAN INDIAN HEALTH & SERVICES,SANTA BARBARA,CA,Invited
SANTA BARBARA NEIGHBORHOOD CLINICS,SANTA BARBARA,CA,Invited
"SANTA BARBARA, COUNTY OF",SANTA BARBARA,CA,Participating
"SANTA CRUZ, COUNTY OF",SANTA CRUZ,CA,Invited
WESTSIDE FAMILY HEALTH CENTER,SANTA MONICA,CA,Invited
SANTA ROSA COMMUNITY HEALTH CENTERS,SANTA ROSA,CA,Participating
MARIN CITY HEALTH AND WELLNESS CENTER,SAUSALITO,CA,Invited
"INLAND BEHAVIORAL AND HEALTH SERVICES, INC.",SN BERNRDNO,CA,Invited
SAC HEALTH SYSTEM,SN BERNRDNO,CA,Participating
"COMMUNITY MEDICAL CENTERS, INC.",STOCKTON,CA,Participating
"SAN JOAQUIN, COUNTY OF",STOCKTON,CA,Invited
"TARZANA TREATMENT CENTER, INC.",TARZANA,CA,Invited
SOUTH BAY FAMILY HEALTH CARE CENTER INC,TORRANCE,CA,Invited
ALTURA CENTERS FOR HEALTH,TULARE,CA,Participating
FAMILIES TOGETHER OF ORANGE COUNTY,TUSTIN,CA,Invited
"HURTT FAMILY HEALTH CLINIC, INC.",TUSTIN,CA,Invited
"MENDOCINO COMMUNITY HEALTH CLINIC, INC.",UKIAH,CA,Participating
TIBURCIO VASQUEZ HEALTH CENTER INCORPORATED,UNION CITY,CA,Participating
SAMUEL DIXON FAMILY HEALTH CEN,VALENCIA,CA,Invited
VENICE FAMILY CLINIC,VENICE,CA,Invited
"CLINICAS DEL CAMINO REAL, INC.",VENTURA,CA,Participating
FAMILY HEALTHCARE NETWORK,VISALIA,CA,Participating
VISTA COMMUNITY CLINIC,VISTA,CA,Participating
ELICA HEALTH CENTERS,W SACRAMENTO,CA,Invited
SALUD PARA LA GENTE,WATSONVILLE,CA,Participating
EAST VALLEY COMMUNITY HEALTH CENTER INC,WEST COVINA,CA,Participating
WILMINGTON COMMUNITY CLINIC,WILMINGTON,CA,Participating
"WINTERS HEALTHCARE FOUNDATION, INC.",WINTERS,CA,Invited
AMPLA HEALTH,YUBA CITY,CA,Participating
"VALLEY WIDE HEALTH SYSTEMS, INC.",ALAMOSA,CO,Participating
"REGENTS OF THE UNIVERSITY OF COLORADO, THE",AURORA,CO,Invited
PEAK VISTA COMMUNITY HEALTH CENTERS,COLORADO SPGS,CO,Invited
"COLORADO COALITION FOR THE HOMELESS, THE",DENVER,CO,Participating
DENVER HEALTH AND HOSPITALS AUTHORITY,DENVER,CO,Participating
LA CLINICA TEPEYAC INC,DENVER,CO,Participating
"METRO COMMUNITY PROVIDER NETWORK, INC.",ENGLEWOOD,CO,Participating
SUNRISE COMMUNITY HEALTH,EVANS,CO,Participating
"PLAN DE SALUD DEL VALLE, INC.",FORT LUPTON,CO,Participating
"SUMMIT COMMUNITY CARE CLINIC, INC.",FRISCO,CO,Participating
MOUNTAIN FAMILY HEALTH CENTERS,GLENWOOD SPGS,CO,Invited
CLINICA CAMPESINA FAMILY HEALTH SERVICES,LAFAYETTE,CO,Invited
"OPTIMUS HEALTH CARE, INC.",BRIDGEPORT,CT,Participating
"SOUTHWEST COMMUNITY HEALTH CENTER, INC.",BRIDGEPORT,CT,Invited
"CONNECTICUT INSTITUTE FOR COMMUNITIES, INC.",DANBURY,CT,Invited
"FIRST CHOICE HEALTH CENTERS, INC.",EAST HARTFORD,CT,Participating
FAMILY CENTERS INC.,GREENWICH,CT,Invited
"CHARTER OAK HEALTH CENTER, INC",HARTFORD,CT,Participating
"COMMUNITY HEALTH SERVICES, INCORPORATED",HARTFORD,CT,Invited
"COMMUNITY HEALTH CENTER, INCORPORATED",MIDDLETOWN,CT,Participating
CORNELL SCOTT-HILL HEALTH CORPORATION,NEW HAVEN,CT,Invited
FAIR HAVEN COMMUNITY HEALTH CLINIC INC,NEW HAVEN,CT,Participating
"NORWALK COMMUNITY HEALTH CENTER, INC.",NORWALK,CT,Invited
"STAYWELL HEALTH CARE, INC.",WATERBURY,CT,Invited
"GENERATIONS FAMILY HEALTH CENTER, INC.",WILLIMANTIC,CT,Invited
"LA RED HEALTH CENTER, INC.",GEORGETOWN,DE,Participating
SOUTHBRIDGE MEDICAL ADVISORY COUNCIL INC,WILMINGTON,DE,Invited
"WESTSIDE FAMILY HEALTHCARE, INC.",WILMINGTON,DE,Invited
"BREAD FOR THE CITY, INC.",WASHINGTON,DC,Participating
"COMMUNITY OF HOPE, INC.",WASHINGTON,DC,Invited
"ELAINE ELLIS CENTER OF HEALTH, INC.",WASHINGTON,DC,Participating
FAMILY AND MEDICAL COUNSELING SERVICE INC,WASHINGTON,DC,Participating
"LA CLINICA DEL PUEBLO, INC.",WASHINGTON,DC,Participating
"MARY'S CENTER FOR MATERNAL AND CHILD CARE, INC.",WASHINGTON,DC,Participating
"UNITY HEALTH CARE, INC.",WASHINGTON,DC,Participating
CHUUK STATE DEPARTMENT OF HEALTH SERVICES,CHUUK,FM,Invited
POHNPEI COMMUNITY HEALTH CENTRE,POHNPEI,FM,Invited
YAP STATE DEPARTMENT OF HEALTH SERVICES,YAP,FM,Invited
"GENESIS COMMUNITY HEALTH, INC.",BOYNTON BEACH,FL,Invited
"PINELLAS, COUNTY OF",CLEARWATER,FL,Invited
"COMMUNITY HEALTH SOUTH FLORIDA, INC.",CUTLER BAY,FL,Participating
"PREMIER COMMUNITY HEALTHCARE GROUP, INC.",DADE CITY,FL,Participating
"HEALTH, FLORIDA DEPARTMENT OF",DEFUNIAK SPGS,FL,Invited
"TREASURE COAST COMMUNITY HEALTH, INC.",FELLSMERE,FL,Participating
"FAMILY HEALTH CENTERS OF SOUTHWEST FLORIDA, INC.",FORT MYERS,FL,Participating
NORTH BROWARD HOSPITAL DISTRICT,FT LAUDERDALE,FL,Invited
"CITRUS HEALTH NETWORK, INC.",HIALEAH,FL,Participating
"BROWARD COMMUNITY AND FAMILY HEALTH CENTERS, INC.",HOLLYWOOD,FL,Invited
"COLLIER HEALTH SERVICES, INC.",IMMOKALEE,FL,Participating
"AGAPE COMMUNITY HEALTH CENTER, INC.",JACKSONVILLE,FL,Invited
"I.M. SULZBACHER CENTER FOR THE HOMELESS, INC.",JACKSONVILLE,FL,Invited
"PRIMARY CARE MEDICAL SERVICES OF POINCIANA, INC.",KISSIMMEE,FL,Participating
"BANYAN COMMUNITY HEALTH CENTER, INC.",MIAMI,FL,Invited
"BORINQUEN HEALTH CARE CENTER, INC.",MIAMI,FL,Participating
CAMILLUS HEALTH CONCERN INC,MIAMI,FL,Invited
CARE RESOURCE COMMUNITY HEALTH CENTERS INCORPORATED,MIAMI,FL,Invited
"EMPOWER U, INCORPORATED",MIAMI,FL,Participating
"JESSIE TRICE COMMUNITY HEALTH SYSTEM, INC.",MIAMI,FL,Participating
MIAMI BEACH COMMUNITY HEALTH CENTER INC.,MIAMI BEACH,FL,Participating
"CENTER FOR FAMILY AND CHILD ENRICHMENT, INC., THE",MIAMI GARDENS,FL,Participating
"HEART OF FLORIDA HEALTH CENTER, INC.",OCALA,FL,Participating
"HEALTH CARE CENTER FOR THE HOMELESS, INC.",ORLANDO,FL,Invited
"RURAL HEALTH CARE, INCORPORATED",PALATKA,FL,Participating
"MCR HEALTH, INC.",PALMETTO,FL,Participating
PANCARE OF FLORIDA INC,PANAMA CITY,FL,Invited
"ESCAMBIA COMMUNITY CLINICS, INC.",PENSACOLA,FL,Participating
"NORTHEAST FLORIDA HEALTH SERVICES, INC.",PIERSON,FL,Invited
"SUNCOAST COMMUNITY HEALTH CENTERS, INC.",RUSKIN,FL,Participating
"COMMUNITY HEALTH CENTERS OF PINELLAS, INC.",SAINT PETERSBURG,FL,Participating
"CENTRAL FLORIDA FAMILY HEALTH CENTER, INC.",SANFORD,FL,Invited
"PROJECT HEALTH, INC.",SUMTERVILLE,FL,Invited
"BOND COMMUNITY HEALTH CENTER, INC.",TALLAHASSEE,FL,Participating
NEIGHBORHOOD MEDICAL CENTER INC.,TALLAHASSEE,FL,Invited
"NORTH FLORIDA MEDICAL CENTERS, INC.",TALLAHASSEE,FL,Invited
"TAMPA FAMILY HEALTH CENTERS, INC.",TAMPA,FL,Participating
TRENTON MEDICAL CENTER INC,TRENTON,FL,Participating
"FLORIDA COMMUNITY HEALTH CENTERS, INC.",WEST PALM BEACH,FL,Participating
FOUNDCARE INC.,WEST PALM BEACH,FL,Invited
HEALTH CARE DISTRICT OF PALM BEACH COUNTY,WEST PALM BEACH,FL,Participating
"COMMUNITY HEALTH CENTERS, INC.",WINTER GARDEN,FL,Participating
"CENTRAL FLORIDA HEALTH CARE, INC.",WINTER HAVEN,FL,Invited
"ALBANY AREA PRIMARY HEALTH CARE, INC",ALBANY,GA,Invited
ATHENS NEIGHBORHOOD HEALTH CENTER,ATHENS,GA,Invited
"CENTER FOR PAN ASIAN COMMUNITY SERVICES, INC.",ATLANTA,GA,Participating
"COMMUNITY HEALTH, GEORGIA DEPT OF",ATLANTA,GA,Invited
"FAMILY HEALTH CENTERS OF GEORGIA, INC., THE",ATLANTA,GA,Invited
"HEALTH EDUCATION, ASSESSMENT AND LEADERSHIP, INC.",ATLANTA,GA,Participating
"MERIDIAN EDUCATION RESOURCE GROUP, INC.",ATLANTA,GA,Invited
"PALMETTO HEALTH COUNCIL, INC",ATLANTA,GA,Invited
SAINT JOSEPHS MERCY CARE SVCS,ATLANTA,GA,Participating
"SOUTHSIDE MEDICAL CENTER, INC.",ATLANTA,GA,Invited
"NEIGHBORHOOD IMPROVEMENT PROJECT, INC.",AUGUSTA,GA,Participating
"PRIMARY CARE OF SOUTHWEST GEORGIA, INC.",BLAKELY,GA,Invited
"COASTAL COMMUNITY HEALTH SERVICES, INC.",BRUNSWICK,GA,Participating
"VALLEY HEALTHCARE SYSTEM, INC.",COLUMBUS,GA,Invited
"PRIMARY HEALTH CARE CENTER OF DADE, INC.",LA FAYETTE,GA,Invited
"DIVERSITY HEALTH CENTER, INC.",LUDOWICI,GA,Participating
"FIRST CHOICE PRIMARY CARE, INC.",MACON,GA,Invited
"GOOD SAMARITAN HEALTH CENTER OF COBB, INC.",MARIETTA,GA,Invited
"FOUR CORNERS PRIMARY CARE CENTERS, INC.",NORCROSS,GA,Invited
"CARECONNECT HEALTH, INC.",RICHLAND,GA,Invited
"CURTIS V COOPER PRIMARY HEALTH CARE, INC.",SAVANNAH,GA,Participating
J C LEWIS HEALTH CENTER,SAVANNAH,GA,Invited
"OAKHURST MEDICAL CENTERS, INC.",STONE MOUNTAIN,GA,Invited
"EAST GEORGIA HEALTHCARE CENTER, INC.",SWAINSBORO,GA,Participating
COMMUNITY HEALTH CARE SYSTEMS INC,WRIGHTSVILLE,GA,Invited
GOVERNMENT OF GUAM- DEPARTMENT OF ADMINISTRATION,HAGATNA,GU,Participating
"BAY CLINIC, INC.",HILO,HI,Invited
HAMAKUA HEALTH CENTER INC,HONOKAA,HI,Invited
KALIHI PALAMA HEALTH CENTER,HONOLULU,HI,Invited
KOKUA KALIHI VALLEY (COMPREHENSIVE FAMILY SERVICES),HONOLULU,HI,Invited
WAIKIKI HEALTH,HONOLULU,HI,Invited
KO`OLAULOA HEALTH CENTER,KAHUKU,HI,Invited
"MOLOKAI OHANA HEALTH CARE, INC",KAUNAKAKAI,HI,Invited
LANA'I COMMUNITY HEALTH CENTER,LANAI CITY,HI,Invited
HO-OLA LAHUI HAWAII INC,LIHUE,HI,Invited
"WAIANAE DISTRICT COMPREHENSIVE HEALTH AND HOSPITAL BOARD, INCORPORATED",WAIANAE,HI,Invited
"COMMUNITY CLINIC OF MAUI, INC.",WAILUKU,HI,Invited
WAIMANALO HEALTH CENTER,WAIMANALO,HI,Invited
FAMILY MEDICINE RESIDENCY OF IDAHO,BOISE,ID,Invited
"DIRNE HEALTH CENTERS, INC.",COEUR D ALENE,ID,Invited
SHOSHONE-BANNOCK TRIBES OF THE FORT HALL RESERVATION OF IDAHO,FORT HALL,ID,Invited
"GLENNS FERRY HEALTH CENTER, INC.",GLENNS FERRY,ID,Invited
"COMMUNITY HEALTH CLINICS, INC.",NAMPA,ID,Participating
"VALLEY FAMILY HEALTH CARE, INC.",PAYETTE,ID,Invited
BENEWAH MEDICAL CENTER,PLUMMER,ID,Invited
RURAL HEALTH INC,ANNA,IL,Invited
"VNA HEALTH CARE, AN ILLINOIS NOT-FOR-PROFIT CORPORATION",AURORA,IL,Participating
"COMMUNITY HEALTH & EMERGENCY SERVICES, INC",CAIRO,IL,Invited
"MACOUPIN, COUNTY OF",CARLINVILLE,IL,Invited
SHAWNEE HEALTH SERVICE AND DEVELOPMENT CORPORATION,CARTERVILLE,IL,Participating
ACCESS COMMUNITY HEALTH NETWORK,CHICAGO,IL,Participating
"ALIVIO MEDICAL CENTER, INC",CHICAGO,IL,Participating
ASIAN HUMAN SERVICES FAMILY HEALTH CENTER,CHICAGO,IL,Participating
BELOVED COMMUNITY FAMILY WELLNESS CENTER,CHICAGO,IL,Invited
"CHICAGO FAMILY HEALTH CENTER, INC.",CHICAGO,IL,Invited
CHRISTIAN COMMUNITY HEALTH CENTER,CHICAGO,IL,Invited
COMMUNITY HEALTH PARTNERSHIP OF ILLINOIS,CHICAGO,IL,Participating
"ERIE FAMILY HEALTH CENTER, INC.",CHICAGO,IL,Participating
ESPERANZA HEALTH CENTERS,CHICAGO,IL,Participating
"FRIEND FAMILY HEALTH CENTER, INC.",CHICAGO,IL,Participating
HEARTLAND ALLIANCE HEALTH,CHICAGO,IL,Participating
HEARTLAND INTERNATIONAL HEALTH CENTERS,CHICAGO,IL,Invited
HOWARD BROWN HEALTH CENTER,CHICAGO,IL,Invited
INNER CITY MUSLIM ACTION NETWORK,CHICAGO,IL,Invited
LAWNDALE CHRISTIAN HEALTH CENTER,CHICAGO,IL,Participating
"NEAR NORTH HEALTH SERVICE CORPORATION, THE",CHICAGO,IL,Participating
"PRIMECARE COMMUNITY HEALTH, INC.",CHICAGO,IL,Invited
"TCA HEALTH, INC. NFP",CHICAGO,IL,Participating
UNIVERSITY OF ILLINOIS,CHICAGO,IL,Participating
COMMUNITY HEALTH IMPROVEMENT CENTER,DECATUR,IL,Invited
"SOUTHERN ILLINOIS HEALTH CARE FOUNDATION, INC.",E SAINT LOUIS,IL,Participating
GREATER ELGIN FAMILY CARE CENTER,ELGIN,IL,Participating
FAMILY CHRISTIAN HEALTH CENTER,HARVEY,IL,Invited
WILL COUNTY COMMUNITY HEALTH CENTER,JOLIET,IL,Invited
PILLARS COMMUNITY HEALTH,LA GRANGE,IL,Invited
PCC COMMUNITY WELLNESS CENTER,OAK PARK,IL,Invited
"AUNT MARTHA'S HEALTH AND WELLNESS, INC.",OLYMPIA FLDS,IL,Invited
CRUSADERS CENTRAL CLINIC ASSOCIATION,ROCKFORD,IL,Invited
SOUTHERN ILLINOIS UNIVERSITY,SPRINGFIELD,IL,Invited
"LAKE, COUNTY OF",WAUKEGAN,IL,Invited
VALLEY PROFESSIONALS COMMUNITY HEALTH CENTER INC.,CLINTON,IN,Invited
"HEART CITY HEALTH CENTER, INC.",ELKHART,IN,Invited
"COMMUNITY HEALTHNET, INC",GARY,IN,Participating
"MAPLE CITY HEALTH CARE CENTER, INC.",GOSHEN,IN,Invited
INDIANA HEALTH CENTERS INCORPORATED,INDIANAPOLIS,IN,Invited
"RAPHAEL HEALTH CENTER, INC.",INDIANAPOLIS,IN,Invited
"SHALOM HEALTH CARE CENTER, INC.",INDIANAPOLIS,IN,Invited
THE HEALTH & HOSPITAL CORP OF MARION COUNTY,INDIANAPOLIS,IN,Participating
LIFESPRING INC.,JEFFERSONVLLE,IN,Invited
SOUTHLAKE COMMUNITY MENTAL HEALTH CENTER INC,MERRILLVILLE,IN,Invited
"OPEN DOOR HEALTH SERVICES, INC.",MUNCIE,IN,Invited
ASPIRE HEALTH CENTER,NOBLESVILLE,IN,Invited
"HEALTHLINC, INC.",VALPARAISO,IN,Participating
PORTER STARKE SERVICES INC,VALPARAISO,IN,Invited
EASTERN IOWA HEALTH CENTER,CEDAR RAPIDS,IA,Invited
ALL CARE HEALTH CENTER,COUNCIL BLFS,IA,Participating
"COMMUNITY HEALTH CARE, INC.",DAVENPORT,IA,Participating
PROTEUS INC.,DES MOINES,IA,Invited
CRESCENT COMMUNITY HEALTH CENTER,DUBUQUE,IA,Invited
SIOUXLAND COMMUNITY HEALTH CENTER,SIOUX CITY,IA,Invited
PRIMARY HEALTH CARE INC,URBANDALE,IA,Invited
ATCHISON COMMUNITY HEALTH CLINIC,ATCHISON,KS,Invited
"UNITED METHODIST WESTERN KANSAS MEXICAN-AMERICAN MINISTRIES, INC.",GARDEN CITY,KS,Invited
TURNER HOUSE CLINIC INC.,KANSAS CITY,KS,Participating
"COMMUNITY HEALTH CENTER OF SOUTHEAST KANSAS, INC.",PITTSBURG,KS,Participating
"GRACEMED HEALTH CLINIC, INC.",WICHITA,KS,Participating
HEALTHCORE CLINIC INC,WICHITA,KS,Invited
"HUNTER HEALTH CLINIC INC, THE",WICHITA,KS,Invited
"A+ FAMILY HEALTHCARE, LLC",BROWNSVILLE,KY,Invited
"CUMBERLAND FAMILY MEDICAL CENTER, INC.",BURKESVILLE,KY,Invited
"HEALTHFIRST BLUEGRASS, INC.",LEXINGTON,KY,Invited
UNIVERSITY OF KENTUCKY,LEXINGTON,KY,Invited
"PARK DUVALLE COMMUNITY HEALTH CENTER, INC.",LOUISVILLE,KY,Invited
"SHAWNEE CHRISTIAN HEALTHCARE CENTER, INC.",LOUISVILLE,KY,Invited
"BIG SANDY HEALTH CARE, INC.",PRESTONSBURG,KY,Invited
"MOUNTAIN COMPREHENSIVE CARE CENTER, INC.",PRESTONSBURG,KY,Invited
MOUNTAIN COMPREHENSIVE HEALTH CORPORATION,WHITESBURG,KY,Participating
"RAPIDES PRIMARY HEALTH CARE CENTER, INCORPORATED",ALEXANDRIA,LA,Invited
"JEFFERSON COMMUNITY HEALTH CARE CENTERS, INC",AVONDALE,LA,Invited
"MOREHOUSE COMMUNITY MEDICAL CENTERS, INC.",BASTROP,LA,Invited
"BATON ROUGE PRIMARY CARE COLLABORATIVE, INC.",BATON ROUGE,LA,Invited
CAPITOL CITY FAMILY HEALTH CENTER INC,BATON ROUGE,LA,Invited
H I V/ A I D S ALLIANCE FOR REGION TWO INC,BATON ROUGE,LA,Participating
RKM PRIMARY CARE,CLINTON,LA,Invited
"RICHLAND, PARISH OF",DELHI,LA,Invited
SOUTHEAST COMMUNITY HEALTH SYSTEMS,GREENSBURG,LA,Invited
"INNIS COMMUNITY HEALTH CENTER, INC.",INNIS,LA,Invited
SWLA CENTER FOR HEALTH SERVICES,LAKE CHARLES,LA,Invited
ACCESS HEALTH LOUISIANA,LULING,LA,Invited
C A S S E DENTAL HEALTH INSTITUTE,MANSFIELD,LA,Invited
PRIORITY HEALTH CARE,MARRERO,LA,Invited
PRIMARY HEALTH SERVICES CENTER,MONROE,LA,Participating
"IBERIA COMPRHESIVE COM HEALTH CNTR, INC.",NEW IBERIA,LA,Invited
"BAPTIST COMMUNITY HEALTH SERVICES, INC.",NEW ORLEANS,LA,Invited
COMMON GROUND HEALTH CLINIC,NEW ORLEANS,LA,Invited
"EXCELTH, INCORPORATED",NEW ORLEANS,LA,Invited
MARILLAC COMMUNITY HEALTH CENTERS,NEW ORLEANS,LA,Participating
MQVN COMMUNITY DEVELOPMENT CORP,NEW ORLEANS,LA,Invited
"NEW ORLEANS, CITY OF",NEW ORLEANS,LA,Invited
"ST. THOMAS COMMUNITY HEALTH CENTER, INC.",NEW ORLEANS,LA,Participating
SOUTHWEST LOUISIANA PRIMARY HEALTH CARE CENTER INC,OPELOUSAS,LA,Invited
PLAQUEMINES PARISH HOSPITAL SERVICE DISTRICT NUMBER ONE,PORT SULPHUR,LA,Invited
ST GABRIEL HEALTH CLINIC INC,SAINT GABRIEL,LA,Invited
"DAVID RAINES COMMUNITY HEALTH CENTER, INC.",SHREVEPORT,LA,Invited
WINN COMMUNITY HEALTH CENTER,WINNFIELD,LA,Invited
PENOBSCOT COMMUNITY HEALTH CENTER,BANGOR,ME,Participating
FISH RIVER RURAL HEALTH,EAGLE LAKE,ME,Invited
"HEALTH ACCESS NETWORK, INC.",LINCOLN,ME,Invited
SEBASTICOOK FAMILY DOCTORS,NEWPORT,ME,Invited
KATAHDIN VALLEY HEALTH CENTER,PATTEN,ME,Invited
HEALTHREACH COMMUNITY HEALTH CENTERS,WATERVILLE,ME,Participating
MINISTRY OF HEALTH IN THE REPUBLIC OF THE MARSHALL ISLANDS,EBEYE,MH,Invited
"BALTIMORE MEDICAL SYSTEM, INC.",BALTIMORE,MD,Invited
"CHASE BREXTON HEALTH SERVICES, INC",BALTIMORE,MD,Invited
"HEALTH CARE FOR THE HOMELESS, INC.",BALTIMORE,MD,Participating
PARK WEST HEALTH SYSTEMS INCORPORATED,BALTIMORE,MD,Participating
"TOTAL HEALTH CARE, INC.",BALTIMORE,MD,Invited
"MOBILE MEDICAL CARE, INC.",BETHESDA,MD,Invited
GREATER BADEN MEDICAL SERVICE INC,BRANDYWINE,MD,Invited
"FAMILY HEALTH CENTERS OF BALTIMORE, INC.",BROOKLYN,MD,Invited
"CHOPTANK COMMUNITY HEALTH SYSTEM, INC.",DENTON,MD,Invited
"FREDERICK, CITY OF",FREDERICK,MD,Invited
"WALNUT STREET COMMUNITY HEALTH CENTER, INC.",HAGERSTOWN,MD,Invited
"COMMUNITY CLINIC, INC., THE",SILVER SPRING,MD,Participating
"BOSTON HEALTH CARE FOR THE HOMELESS PROGRAM, INC., THE",BOSTON,MA,Participating
EAST BOSTON NEIGHBORHOOD HEALTH CENTER CORPORATION,BOSTON,MA,Participating
"FENWAY COMMUNITY HEALTH CENTER, INC.",BOSTON,MA,Participating
"MATTAPAN COMMUNITY HEALTH CENTER, INC.",BOSTON,MA,Participating
"SOUTH BOSTON COMMUNITY HEALTH CENTER, INC.",BOSTON,MA,Participating
"SOUTH COVE COMMUNITY HEALTH CENTER, INC.",BOSTON,MA,Participating
"CHARLES RIVER COMMUNITY HEALTH, INC.",BRIGHTON,MA,Participating
"BROCKTON NEIGHBORHOOD HEALTH CENTER, INC.",BROCKTON,MA,Participating
"DOTHOUSE HEALTH, INC.",DORCHESTER,MA,Invited
HARVARD STREET NEIGHBORHOOD HEALTH CENTER INC,DORCHESTER,MA,Invited
"UPHAMS CORNER HEALTH COMMITTEE, INC.",DORCHESTER,MA,Invited
"CODMAN SQUARE HEALTH CENTER, INC",DORCHESTR CTR,MA,Participating
"COMMUNITY HEALTH PROGRAMS, INCORPORATED",GT BARRINGTON,MA,Invited
"HOLYOKE HEALTH CENTER, INC.",HOLYOKE,MA,Participating
"DUFFY HEALTH CENTER, INC.",HYANNIS,MA,Invited
"GREATER LAWRENCE FAMILY HEALTH CENTER, INC.",LAWRENCE,MA,Participating
"LOWELL COMMUNITY HEALTH CENTER, INC.",LOWELL,MA,Invited
"LYNN COMMUNITY HEALTH, INC.",LYNN,MA,Participating
"COMMUNITY HEALTH CENTER OF CAPE COD, INC.",MASHPEE,MA,Invited
"HARBOR HEALTH SERVICES, INC.",MATTAPAN,MA,Invited
"GREATER NEW BEDFORD COMMUNITY HEALTH CENTER,INC.",NEW BEDFORD,MA,Participating
"DIMOCK COMMUNITY HEALTH CENTER, INC.",ROXBURY,MA,Participating
WHITTIER STREET HEALTH CENTER,ROXBURY,MA,Participating
"CARING HEALTH CENTER, INC.",SPRINGFIELD,MA,Invited
"OUTER CAPE HEALTH SERVICES, INC.",WELLFLEET,MA,Invited
"EDWARD M. KENNEDY COMMUNITY HEALTH CENTER, INC.",WORCESTER,MA,Participating
"FAMILY HEALTH CENTER OF WORCESTER, INC.",WORCESTER,MA,Invited
"PACKARD HEALTH, INC.",ANN ARBOR,MI,Invited
BALDWIN FAMILY HEALTH CARE,BALDWIN,MI,Participating
INTERCARE COMMUNITY HEALTH NETWORK,BANGOR,MI,Participating
"GRACE HEALTH, INC.",BATTLE CREEK,MI,Participating
BAY MILLS INDIAN COMMUNITY,BRIMLEY,MI,Invited
FAMILY MEDICAL CENTER OF MICHIGAN INC,CARLETON,MI,Participating
LAKELAND IMMEDIATE CARE CENTER,CASSOPOLIS,MI,Invited
"COVERED BRIDGE HEALTHCARE OF ST. JOSEPH COUNTY, INC.",CENTREVILLE,MI,Invited
"COMMUNITY HEALTH AND SOCIAL SERVICES CENTER, INC.",DETROIT,MI,Participating
"COVENANT COMMUNITY CARE, INC.",DETROIT,MI,Participating
"DETROIT CENTRAL CITY COMMUNITY MENTAL HEALTH, INCORPORATED",DETROIT,MI,Invited
DETROIT COMMUNITY HEALTH CONNECTION,DETROIT,MI,Invited
DETROIT HEALTH CARE FOR THE HOMELESS,DETROIT,MI,Invited
"WELLNESS PLAN, THE",DETROIT,MI,Invited
GENESEE HEALTH SYSTEM,FLINT,MI,Invited
"HAMILTON COMMUNITY HEALTH NETWORK, INC.",FLINT,MI,Participating
"CHERRY STREET SERVICES, INC.",GRAND RAPIDS,MI,Participating
UPPER GREAT LAKES FAMILY HEALTH CENTER,GWINN,MI,Participating
"THUNDER BAY COMMUNITY HEALTH SERVICE, INCORPORATED",HILLMAN,MI,Participating
WESTERN WAYNE FAMILY HEALTH CENTERS,INKSTER,MI,Invited
FAMILY HEALTH CENTER INC.,KALAMAZOO,MI,Invited
"INGHAM, COUNTY OF",LANSING,MI,Participating
"ALCONA CITIZENS FOR HEALTH, INC.",LINCOLN,MI,Participating
HACKLEY COMMUNITY CARE CENTER INC,MUSKEGON,MI,Participating
OAKLAND INTEGRATED HEALTHCARE NETWORK,PONTIAC,MI,Invited
GREAT LAKES BAY HEALTH CENTERS,SAGINAW,MI,Invited
CEDAR-RIVERSIDE PEOPLES CENTER,MINNEAPOLIS,MN,Invited
HENNEPIN COUNTY COMMUNITY HEALTH DEPARTMENT,MINNEAPOLIS,MN,Invited
"HENNEPIN COUNTY, DEPARTMENT OF PRIMARY CARE",MINNEAPOLIS,MN,Participating
INDIAN HEALTH BOARD OF MINNEAPOLIS INC,MINNEAPOLIS,MN,Participating
NATIVE AMERICAN COMMUNITY CLINIC,MINNEAPOLIS,MN,Invited
NEIGHBORHOOD HEALTHSOURCE,MINNEAPOLIS,MN,Invited
REGENTS OF THE UNIVERSITY OF MINNESOTA,MINNEAPOLIS,MN,Invited
"SOUTHSIDE COMMUNITY HEALTH SERVICES, INC.",MINNEAPOLIS,MN,Invited
COMMUNITY HEALTH SERVICE INC.,MOORHEAD,MN,Invited
"OPEN CITIES HEALTH CENTER, INC.",SAINT PAUL,MN,Invited
"WEST SIDE COMMUNITY HEALTH SERVICES, INC.",SAINT PAUL,MN,Participating
"NORTH MISSISSIPPI PRIMARY HEALTH CARE, INC.",ASHLAND,MS,Invited
"COASTAL FAMILY HEALTH CENTER, INC.",BILOXI,MS,Invited
"G.A. CARMICHAEL FAMILY HEALTH CENTER, INC.",CANTON,MS,Invited
"AARON E. HENRY COMMUNITY HEALTH SERVICES CENTER, INC.",CLARKSDALE,MS,Participating
JEFFERSON COMPREHENSIVE HEALTH CENTER INC,FAYETTE,MS,Invited
"SOUTHEAST MISSISSIPPI RURAL HEALTH INITIATIVE, INC.",HATTIESBURG,MS,Participating
"CENTRAL MISSISSIPPI CIVIC IMPROVEMENT ASSOCIATION, INC.",JACKSON,MS,Participating
"CENTRAL MISSISSIPPI HEALTH SERVICES, INC.",JACKSON,MS,Participating
"FAMILY HEALTH CENTER, INC.",LAUREL,MS,Invited
"DR. ARENIA C. MALLORY COMMUNITY HEALTH CENTER, INC.",LEXINGTON,MS,Invited
"AMITE COUNTY MEDICAL SERVICES, INC.",LIBERTY,MS,Invited
"GREATER MERIDIAN HEALTH CLINIC, INC",MERIDIAN,MS,Invited
"DELTA HEALTH CENTER, INC.",MOUND BAYOU,MS,Invited
"DOUGLAS COUNTY PUBLIC HEALTH SERVICES GROUP, INC.",AVA,MO,Invited
"COMPASS HEALTH, INC.",CLINTON,MO,Invited
"BIG SPRINGS MEDICAL ASSOCIATION, INC",ELLINGTON,MO,Invited
COMMUNITY TREATMENT INCORPORATED,FESTUS,MO,Invited
OZARKS RESOURCE GROUP,HERMITAGE,MO,Invited
HOPE FAMILY CARE CENTER,KANSAS CITY,MO,Invited
KANSAS CITY CARE CLINIC,KANSAS CITY,MO,Invited
"SAMUEL U RODGERS HEALTH CENTER, INC.",KANSAS CITY,MO,Invited
SWOPE HEALTH SERVICES,KANSAS CITY,MO,Invited
"NORTHEAST MISSOURI HEALTH COUNCIL, INC.",KIRKSVILLE,MO,Invited
"PREFERRED FAMILY HEALTHCARE, INCORPORATED",KIRKSVILLE,MO,Invited
HEALTH CARE COALITION OF LAFAYETTE COUNTY,LEXINGTON,MO,Invited
COMMUNITY HEALTH CENTER OF CENTRAL MISSOURI,LINN,MO,Invited
EAST CENTRAL MISSOURI BEHAVIORAL HEALTH SERVICES INC,MEXICO,MO,Invited
SOUTHEAST MISSOURI HEALTH NETWORK,NEW MADRID,MO,Invited
GREAT MINES HEALTH CENTER,POTOSI,MO,Invited
RICHLAND MEDICAL CENTER INC,RICHLAND,MO,Invited
SOUTH CENTRAL MISSOURI COMMUNITY HEALTH CENTER,ROLLA,MO,Invited
"NORTHWEST HEALTH SERVICES, INC.",SAINT JOSEPH,MO,Invited
AFFINIA HEALTHCARE,SAINT LOUIS,MO,Invited
BETTY JEAN KERR - PEOPLE'S HEALTH CENTERS,SAINT LOUIS,MO,Invited
CARESTL HEALTH,SAINT LOUIS,MO,Invited
"REGIONAL HEALTH CARE CLINIC, INC.",SEDALIA,MO,Invited
"ADVOCATES FOR A HEALTHY COMMUNITY, INC.",SPRINGFIELD,MO,Participating
MONTANA MIGRANT & SEASONAL FARM WORKERS COUNCIL INC,BILLINGS,MT,Invited
"MISSOULA, COUNTY OF",MISSOULA,MT,Participating
"HEARTLAND HEALTH CENTER, INC.",GRAND ISLAND,NE,Invited
BLUESTEM HEALTH,LINCOLN,NE,Participating
"CHARLES DREW HEALTH CENTER, INC.",OMAHA,NE,Invited
"ONEWORLD COMMUNITY HEALTH CENTERS, INC.",OMAHA,NE,Participating
"NEVADA HEALTH CENTERS, INC.",CARSON CITY,NV,Participating
FIRSTMED HEALTH AND WELLNESS CENTER,LAS VEGAS,NV,Invited
SILVER STATE HEALTH SERVICES,LAS VEGAS,NV,Invited
SOUTHERN NEVADA HEALTH DISTRICT,LAS VEGAS,NV,Invited
HOPE CHRISTIAN HEALTH CENTER CORP,N LAS VEGAS,NV,Invited
COMMUNITY HEALTH ALLIANCE,RENO,NV,Invited
AMMONOOSUC COMMUNITY HEALTH SERVICES INC,LITTLETON,NH,Participating
AMOSKEAG HEALTH,MANCHESTER,NH,Invited
"MANCHESTER, CITY OF",MANCHESTER,NH,Invited
"HARBOR HOMES, INC.",NASHUA,NH,Invited
"LAMPREY HEALTH CARE, INC.",NEWMARKET,NH,Invited
GREATER SEACOAST COMMUNITY HEALTH,SOMERSWORTH,NH,Invited
"COMMUNITY HEALTH CARE, INC.",BRIDGETON,NJ,Participating
CAMCARE HEALTH CORPORATION,CAMDEN,NJ,Participating
"OSBORN FAMILY HEALTH CENTER, INC., THE",CAMDEN,NJ,Invited
PROJECT HOPE,CAMDEN,NJ,Invited
ZUFALL HEALTH CENTER INC.,DOVER,NJ,Participating
ATLANTICARE HEALTH SERVICES INC,EGG HBR TWP,NJ,Invited
"SOUTHERN JERSEY FAMILY MEDICAL CENTERS, INC.",HAMMONTON,NJ,Participating
HORIZON HEALTH CENTER INC,JERSEY CITY,NJ,Invited
METROPOLITAN FAMILY HEALTH NETWORK INC.,JERSEY CITY,NJ,Invited
LAKEWOOD RESOURCE AND REFERRAL CENTER INC.,LAKEWOOD,NJ,Invited
OCEAN HEALTH INITIATIVES INC.,LAKEWOOD,NJ,Invited
MONMOUTH FAMILY HEALTH CENTER,LONG BRANCH,NJ,Invited
"RUTGERS, THE STATE UNIVERSITY OF NEW JERSEY",NEW BRUNSWICK,NJ,Invited
"CITY OF NEWARK, NEW JERSEY",NEWARK,NJ,Invited
"NEWARK COMMUNITY HEALTH CENTERS, INC.",NEWARK,NJ,Participating
"SAINT JAMES HEALTH, INC.",NEWARK,NJ,Invited
PATERSON COMMUNITY HEALTH CENTER INC.,PATERSON,NJ,Invited
"JEWISH RENAISSANCE FOUNDATION INC., THE",PERTH AMBOY,NJ,Invited
JEWISH RENAISSANCE MEDICAL CENTER,PERTH AMBOY,NJ,Invited
NEIGHBORHOOD HEALTH SERVICES CORPORATION,PLAINFIELD,NJ,Invited
"HENRY J. AUSTIN HEALTH CENTER, INC.",TRENTON,NJ,Participating
NORTH HUDSON COMMUNITY ACTION CORPORATION,UNION CITY,NJ,Participating
"ALBUQUERQUE HEALTH CARE FOR THE HOMELESS, INC.",ALBUQUERQUE,NM,Invited
"FIRST CHOICE COMMUNITY HEALTHCARE, INC.",ALBUQUERQUE,NM,Invited
FIRST NATIONS COMMUNITY HEALTH SOURCE INC,ALBUQUERQUE,NM,Invited
"LAS CLINICAS DEL NORTE, INCORPORATED",EL RITO,NM,Invited
EL CENTRO FAMILY HEALTH,ESPANOLA,NM,Invited
"BEN ARCHER HEALTH CENTER, INC.",HATCH,NM,Participating
"JEMEZ, PUEBLO OF",JEMEZ PUEBLO,NM,Invited
"CLINICA DE FAMILIA INC, LA",LAS CRUCES,NM,Invited
"ST. LUKE'S HEALTH CARE CLINIC, INC.",LAS CRUCES,NM,Invited
HIDALGO MEDICAL SERVICES,LORDSBURG,NM,Invited
"MORA VALLEY COMMUNITY HEALTH SERVICES, INCORPORATED",MORA,NM,Invited
LA CASA DE BUENA SALUD INC,PORTALES,NM,Invited
LA FAMILIA MEDICAL CENTER,SANTA FE,NM,Invited
PRESBYTERIAN MEDICAL SERVICES,SANTA FE,NM,Invited
SOUTHWEST C. A. R. E. CENTER,SANTA FE,NM,Invited
LA CLINICA DEL PUEBLO,TIRA AMARILLA,NM,Invited
"WHITNEY M. YOUNG, JR., HEALTH CENTER, INC.",ALBANY,NY,Participating
THE ADDABBO JOSEPH P FAMILY HEALTH CENTER INC,ARVERNE,NY,Participating
EAST HILL FAMILY MEDICAL INC,AUBURN,NY,Invited
"OAK ORCHARD COMMUNITY HEALTH CENTER, INC.",BROCKPORT,NY,Invited
"BRONX COMMUNITY HEALTH NETWORK, INC",BRONX,NY,Participating
BRONX LEBANON INTEGRATED SERVICE SYSTEM INC,BRONX,NY,Participating
LA CASA DE SALUD INC.,BRONX,NY,Invited
MONTEFIORE MEDICAL CENTER,BRONX,NY,Invited
"MORRIS HEIGHTS HEALTH CENTER, INC.",BRONX,NY,Invited
"UNION COMMUNITY HEALTH CENTER, INC.",BRONX,NY,Invited
"URBAN HEALTH PLAN, INC.",BRONX,NY,Participating
"VOCATIONAL INSTRUCTION PROJECT COMMUNITY SERVICES, INC.",BRONX,NY,Invited
"BEDFORD STUYVESANT FAMILY HEALTH CENTER, INC., THE",BROOKLYN,NY,Invited
BROOKLYN PLAZA MEDICAL CENTER,BROOKLYN,NY,Invited
BROWNSVILLE COMMUNITY DEVELOPMENT CORPORATION,BROOKLYN,NY,Participating
COMMUNITY HEALTH INITIATIVES INC.,BROOKLYN,NY,Invited
EZRA MEDICAL CENTER,BROOKLYN,NY,Invited
"HEALTHCARE CHOICES NY, INC.",BROOKLYN,NY,Invited
"HOUSING WORKS HEALTH SERVICES III, INC.",BROOKLYN,NY,Invited
"ODA PRIMARY HEALTH CARE CENTER, INC.",BROOKLYN,NY,Invited
"SUNSET PARK HEALTH COUNCIL, INC.",BROOKLYN,NY,Participating
"COMMUNITY HEALTH CENTER OF BUFFALO, INC.",BUFFALO,NY,Participating
JERICHO ROAD MINISTRIES INC.,BUFFALO,NY,Participating
"NEIGHBORHOOD HEALTH CENTER OF WNY, INC.",BUFFALO,NY,Participating
CORNERSTONE FAMILY HEALTHCARE,CORNWALL,NY,Participating
"DAMIAN FAMILY CARE CENTERS, INC.",JAMAICA,NY,Invited
FLOATING HOSPITAL INCORPORATED (THE),LONG ISLAND CITY,NY,Participating
"COMMUNITY MEDICAL AND DENTAL CARE, INC",MONSEY,NY,Invited
"MOUNT VERNON NEIGHBORHOOD HEALTH CENTER, INC.",MOUNT VERNON,NY,Invited
"REFUAH HEALTH CENTER, INC.",NEW SQUARE,NY,Invited
BETANCES HEALTH CENTER,NEW YORK,NY,Invited
CARE FOR THE HOMELESS,NEW YORK,NY,Invited
CARE FOR THE HOMELESS,NEW YORK,NY,Invited
"CHARLES B. WANG COMMUNITY HEALTH CENTER, INC.",NEW YORK,NY,Participating
"COMMUNITY HEALTH PROJECT, INC.",NEW YORK,NY,Invited
"COMMUNITY HEALTHCARE NETWORK, INC.",NEW YORK,NY,Participating
"EAST HARLEM COUNCIL FOR HUMAN SERVICES, INC.",NEW YORK,NY,Invited
"HERITAGE HEALTH AND HOUSING, INC.",NEW YORK,NY,Invited
"INSTITUTE FOR FAMILY HEALTH, THE",NEW YORK,NY,Participating
NEW YORK CITY HEALTH AND HOSPITALS CORPORATION,NEW YORK,NY,Invited
NEW YORK CITY HEALTH AND HOSPITALS CORPORATION,NEW YORK,NY,Invited
"PROJECT RENEWAL, INC.",NEW YORK,NY,Invited
"SETTLEMENT HEALTH AND MEDICAL SERVICES, INC.",NEW YORK,NY,Participating
UNDER 21,NEW YORK,NY,Invited
"UPPER ROOM AIDS MINISTRY, INC.: ADULT DAY HEALTH CARE CENTER",NEW YORK,NY,Invited
"WILLIAM F. RYAN COMMUNITY HEALTH CENTER, INC.",NEW YORK,NY,Participating
"OPEN DOOR FAMILY MEDICAL CENTER, INC.",OSSINING,NY,Participating
"HUDSON RIVER HEALTHCARE, INC.",PEEKSKILL,NY,Participating
FINGER LAKES MIGRANT HEALTH CARE,PENN YAN,NY,Participating
HUDSON HEADWATERS HEALTH NETWORK,QUEENSBURY,NY,Invited
ANTHONY L. JORDAN HEALTH CORPORATION,ROCHESTER,NY,Participating
"SCHENECTADY FAMILY HEALTH SERVICES, INC",SCHENECTADY,NY,Invited
BEACON CHRISTIAN COMMUNITY HEALTH CENTER,STATEN ISLAND,NY,Invited
"COMMUNITY HEALTH CENTER OF RICHMOND, INC.",STATEN ISLAND,NY,Participating
"SYRACUSE COMMUNITY HEALTH CENTER, INC.",SYRACUSE,NY,Invited
"NORTH COUNTRY FAMILY HEALTH CENTER, INC.",WATERTOWN,NY,Participating
BLACK RIVER HEALTH SERVICES INC,BURGAW,NC,Invited
"PIEDMONT HEALTH SERVICES, INC.",CARRBORO,NC,Participating
"C W WILLIAMS COMMUNITY HEALTH CENTER INC, THE",CHARLOTTE,NC,Invited
"CHARLOTTE COMMUNITY HEALTH CLINIC, INC",CHARLOTTE,NC,Participating
WEST CALDWELL HEALTH COUNCIL INC,COLLETTSVILLE,NC,Invited
"CABARRUS COMMUNITY HEALTH CENTERS, INC.",CONCORD,NC,Invited
"LINCOLN COMMUNITY HEALTH CENTER, INCORPORATED",DURHAM,NC,Invited
GASTON FAMILY HEALTH SERVICES INC,GASTONIA,NC,Invited
"TRIAD ADULT AND PEDIATRIC MEDICINE, INC.",GREENSBORO,NC,Participating
"BLUE RIDGE COMMUNITY HEALTH SERVICES, INC.",HENDERSONVLLE,NC,Invited
"KINSTON COMMUNITY HEALTH CENTER, INCORPORATED",KINSTON,NC,Invited
FIRST CHOICE COMMUNITY HEALTH CENTERS,MAMERS,NC,Invited
"TRI COUNTY COMMUNITY HEALTH COUNCIL, INC",NEWTON GROVE,NC,Invited
ROBESON HEALTH CARE CORPORATION,PEMBROKE,NC,Invited
"ADVANCE COMMUNITY HEALTH, INC.",RALEIGH,NC,Participating
"HEALTH & HUMAN SERVICES, NORTH CAROLINA DEPARTMENT OF",RALEIGH,NC,Participating
"RURAL HEALTH GROUP, INC.",ROANOKE RAPID,NC,Participating
"OPPORTUNITIES INDUSTRIALIZATION CENTER, INCORPORATED",ROCKY MOUNT,NC,Invited
PERSON FAMILY MEDICAL CENTER,ROXBORO,NC,Invited
"GREENE COUNTY HEALTH CARE, INCORPORATED",SNOW HILL,NC,Participating
"STEDMAN - WADE HEALTH SERVICES, INC., THE",WADE,NC,Invited
"ANSON REGIONAL MEDICAL SERVICES, INC.",WADESBORO,NC,Invited
CAROLINA FAMILY HEALTH CENTERS INC,WILSON,NC,Invited
BERTIE COUNTY RURAL HEALTH ASSOCIATION,WINDSOR,NC,Invited
UNITED HEALTH CENTERS,WINSTON SALEM,NC,Invited
COAL COUNTRY COMMUNITY HEALTH CENTER,BEULAH,ND,Participating
SPECTRA HEALTH,GRAND FORKS,ND,Participating
"KAGMAN COMMUNITY HEALTH CENTRE, INC",SAIPAN,MP,Invited
"ASIAN SERVICES IN ACTION, INC.",AKRON,OH,Invited
"AXESSPOINTE COMMUNITY HEALTH CENTER, INC.",AKRON,OH,Participating
"HOPEWELL HEALTH CENTERS, INC.",CHILLICOTHE,OH,Invited
"CINCINNATI HEALTH NETWORK INC, THE",CINCINNATI,OH,Participating
"CINCINNATI, CITY OF",CINCINNATI,OH,Invited
"HEALTHCARE CONNECTION, INC.,THE",CINCINNATI,OH,Invited
WINTON HILLS MED & HEALTH CTR,CINCINNATI,OH,Participating
CARE ALLIANCE,CLEVELAND,OH,Invited
"NEIGHBORHOOD HEALTH CARE, INC.",CLEVELAND,OH,Invited
"NORTHEAST OHIO NEIGHBORHOOD HEALTH SERVICES, INC.",CLEVELAND,OH,Invited
"COLUMBUS NEIGHBORHOOD HEALTH CENTER, INC.",COLUMBUS,OH,Invited
HEART OF OHIO FAMILY HEALTH CENTERS,COLUMBUS,OH,Invited
LOWER LIGHTS CHRISTIAN HEALTH CENTER INC,COLUMBUS,OH,Invited
SOUTHEAST COMMUNITY MENTAL HEALTH CENTER INC,COLUMBUS,OH,Invited
COMMUNITY HEALTH CENTERS OF GREATER DAYTON,DAYTON,OH,Invited
"BUTLER COUNTY COMMUNITY HEALTH CONSORTIUM, INC.",HAMILTON,OH,Invited
IRONTON AND LAWRENCE COUNTY AREA COMMUNITY ACTION ORGANIZATION,IRONTON,OH,Invited
FAIRFIELD COMMUNITY HEALTH CENTER,LANCASTER,OH,Invited
HEALTH PARTNERS OF WESTERN OHIO,LIMA,OH,Participating
3RD STREET COMMUNITY CLINIC,MANSFIELD,OH,Invited
"CENTER STREET COMMUNITY CLINIC, INC.",MARION,OH,Invited
SHAWNEE MENTAL HEALTH CENTER INC,PORTSMOUTH,OH,Invited
"ERIE, COUNTY OF",SANDUSKY,OH,Invited
"OHIO NORTH EAST HEALTH SYSTEMS, INC.",YOUNGSTOWN,OH,Invited
SHORTGRASS COMMUNITY HEALTH CENTER INC.,HOLLIS,OK,Invited
"VARIETY CARE, INC.",OKLAHOMA CITY,OK,Participating
STIGLER HEALTH & WELLNESS CENTER INC.,STIGLER,OK,Invited
"COMMUNITY HEALTH CONNECTION, INC.",TULSA,OK,Invited
VIRGINIA GARCIA MEMORIAL HEALTH CENTER,ALOHA,OR,Participating
COUNTY OF LANE,EUGENE,OR,Participating
WHITE BIRD CLINIC,EUGENE,OR,Invited
"SISKIYOU COMMUNITY HEALTH CENTER, INC.",GRANTS PASS,OR,Invited
"LA CLINICA DEL VALLE FAMILY HEALTH CARE CENTER, INC.",MEDFORD,OR,Invited
"CLACKAMAS, COUNTY OF",OREGON CITY,OR,Invited
"MULTNOMAH, COUNTY OF",PORTLAND,OR,Participating
NATIVE AMERICAN REHABILITATION ASSOCIATION INC,PORTLAND,OR,Invited
NEIGHBORHOOD HEALTH CENTER,PORTLAND,OR,Participating
OUTSIDE IN,PORTLAND,OR,Invited
"WALLACE MEDICAL CONCERN, THE",PORTLAND,OR,Invited
MOSAICMEDICAL,PRINEVILLE,OR,Invited
TILLAMOOK COUNTY,TILLAMOOK,OR,Invited
REPUBLIC OF PALAU,PALAU,PW,Invited
NEIGHBORHOOD HEALTH CENTERS OF LEHIGH VALLEY,ALLENTOWN,PA,Invited
"STAR COMMUNITY HEALTH, INC.",BETHLEHEM,PA,Invited
"CHESPENN HEALTH SERVICES, INC.",CHESTER,PA,Invited
"CENTERVILLE CLINICS, INCORPORATED",FREDERICKTOWN,PA,Invited
"CORNERSTONE CARE, INC.",GREENSBORO,PA,Invited
"HAMILTON HEALTH CENTER, INC.",HARRISBURG,PA,Invited
LANCASTER HEALTH CENTER,LANCASTER,PA,Invited
WELSH MOUNTAIN HEALTH CENTERS,NEW HOLLAND,PA,Invited
"DELAWARE VALLEY COMMUNITY HEALTH, INC.",PHILADELPHIA,PA,Participating
"ESPERANZA HEALTH CENTER, INC.",PHILADELPHIA,PA,Invited
"GREATER PHILADELPHIA HEALTH ACTION, INCORPORATED",PHILADELPHIA,PA,Invited
PHILADELPHIA FIGHT,PHILADELPHIA,PA,Invited
"PHILADELPHIA, CITY OF",PHILADELPHIA,PA,Participating
"PHILADELPHIA, CITY OF",PHILADELPHIA,PA,Invited
PROJECT H.O.M.E.,PHILADELPHIA,PA,Invited
PUBLIC HEALTH MANAGEMENT CORPORATION,PHILADELPHIA,PA,Participating
"RESOURCES FOR HUMAN DEVELOPMENT, INC.",PHILADELPHIA,PA,Participating
"SPECTRUM HEALTH SERVICES, INC.",PHILADELPHIA,PA,Invited
"EAST LIBERTY FAMILY HEALTH CARE CENTER, INC.",PITTSBURGH,PA,Invited
NORTH SIDE CHRISTIAN HEALTH CENTER,PITTSBURGH,PA,Invited
"PRIMARY CARE HEALTH SERVICES, INC.",PITTSBURGH,PA,Invited
SQUIRREL HILL HEALTH CENTER,PITTSBURGH,PA,Invited
"COMMUNITY HEALTH AND DENTAL CARE, INC.",POTTSTOWN,PA,Invited
BERKS COMMUNITY HEALTH CENTER,READING,PA,Invited
"WRIGHT CENTER MEDICAL GROUP, THE",SCRANTON,PA,Invited
"SUSQUEHANNA COMMUNITY HEALTH AND DENTAL CLINIC, INC.",WILLIAMSPORT,PA,Participating
FAMILY FIRST HEALTH CORPORATION,YORK,PA,Invited
"CENTRO DE SALUD FAMILIAR DR. JULIO PALMIERI FERRI, INC.",ARROYO,PR,Invited
"SERVICIOS DE SALUD PRIMARIOS DE BARCELONETA, INC.",BARCELONETA,PR,Invited
COMMUNITY HEALTH FOUNDATION OF PUERTO RICO INC.,BAYAMON,PR,Participating
"CORPORACION DE SALUD ASEGURADA POR NUESTRA ORGANIZACIN SOLIDARIA, INC. (S.A.N.O.S.)",CAGUAS,PR,Participating
CAMUY HEALTH SERVICES INC,CAMUY,PR,Invited
"HOSPITAL GENERAL DE CASTANER, INC.",CASTANER,PR,Invited
"PRYMED MEDICAL CARE, INC.",CIALES,PR,Invited
CORPORACION DE SERVICIOS DE SALUD Y MEDICINA AVANZADA,CIDRA,PR,Participating
"NEOMED CENTER, INC.",GURABO,PR,Participating
CORPORACION DE SERVICIOS MEDICO PRIMARIO Y PREVENCION DE HATILLO,HATILLO,PR,Invited
"CENTRO DE SALUD DE LARES, INC.",LARES,PR,Invited
"CONCILIO DE SALUD INTEGRAL DE LOIZA, INC.",LOIZA,PR,Participating
"MIGRANT HEALTH CENTER WESTERN REGION, INC.",MAYAGUEZ,PR,Participating
MOROVIS COMMUNITY HEALTH CENTER INC,MOROVIS,PR,Invited
SALUD INTEGRAL EN LA MONTANA INC,NARANJITO,PR,Participating
CENTRO DE SERVICIOS PRIMARIOS DE SALUD DE PATILLAS INC,PATILLAS,PR,Participating
"MED CENTRO, INC.",PONCE,PR,Participating
COSTA SALUD COMMUNITY HEALTH CENTERS INC.,RINCON,PR,Participating
"HPM FOUNDATION, INC",SAN JUAN,PR,Invited
MUNICIPIO DE SAN JUAN,SAN JUAN,PR,Invited
"PUERTO RICO COMMUNITY NETWORK FOR CLINICAL SERVICES, RESEARCH AND HEALTH ADVANCEMENT (PRCONCRA) INC.",SAN JUAN,PR,Invited
"COMPREHENSIVE COMMUNITY ACTION, INC.",CRANSTON,RI,Invited
"WOOD RIVER HEALTH SERVICES, INC.",HOPE VALLEY,RI,Invited
EAST BAY COMMUNITY ACTION PROGRAM,NEWPORT,RI,Invited
NORTHWEST COMMUNITY HEALTH CARE,PASCOAG,RI,Invited
"BLACKSTONE VALLEY COMMUNITY HEALTH CARE, INC.",PAWTUCKET,RI,Invited
"PROVIDENCE COMMUNITY HEALTH CENTERS, INC., THE",PROVIDENCE,RI,Participating
THUNDERMIST HEALTH CENTER,WOONSOCKET,RI,Participating
"FETTER HEALTH CARE NETWORK, INC.",CHARLESTON,SC,Participating
"RURAL HEALTH SERVICES, INC.",CLEARWATER,SC,Invited
EAU CLAIRE COOPERATIVE HEALTH CENTER,COLUMBIA,SC,Participating
"HEALTH CARE PARTNERS OF SOUTH CAROLINA, INC.",CONWAY,SC,Invited
"LOW COUNTRY HEALTH CARE SYSTEM, INC.",FAIRFAX,SC,Invited
"HOPEHEALTH, INC.",FLORENCE,SC,Participating
"NEW HORIZON FAMILY HEALTH SERVICES, INC",GREENVILLE,SC,Invited
CARE SOUTH CAROLINA INC,HARTSVILLE,SC,Invited
"LITTLE RIVER MEDICAL CENTER, INC.",LITTLE RIVER,SC,Invited
ST. JAMES HEALTH AND WELLNESS INC.,MCCLELLANVLE,SC,Invited
"FAMILY HEALTH CENTERS, INC.",ORANGEBURG,SC,Invited
"BEAUFORT-JASPER-HAMPTON COMPREHENSIVE HEALTH SERVICES, INCORPORATED",RIDGELAND,SC,Invited
"COMMUNITY MEDICINE FOUNDATION, INC.",ROCK HILL,SC,Invited
ROSA CLARK MEDICAL CLINIC INC,SENECA,SC,Invited
HORIZON HEALTH CARE INC,HOWARD,SD,Participating
OCOEE REGIONAL HEALTH CORPORATION,BENTON,TN,Invited
CHATTANOOGA HAMILTON COUNTY HOSPITAL AUTHORITY,CHATTANOOGA,TN,Invited
"HEALTH, TENNESSEE DEPT OF",COOKEVILLE,TN,Invited
CHEROKEE HEALTH SYSTEMS,KNOXVILLE,TN,Participating
"CHRIST COMMUNITY HEALTH SERVICES, INC.",MEMPHIS,TN,Invited
"MEMPHIS HEALTH CENTER, INC.",MEMPHIS,TN,Invited
TRI-STATE COMMUNITY HEALTH CENTER,MEMPHIS,TN,Invited
"MATTHEW WALKER COMPREHENSIVE HEALTH CENTER, INC.",NASHVILLE,TN,Invited
TENNESSEE DEPT OF HEALTH,NASHVILLE,TN,Invited
TENNESSEE STATE DEPARTMENT OF HEALTH,NASHVILLE,TN,Invited
"UNITED NEIGHBORHOOD HEALTH SERVICES, INC.",NASHVILLE,TN,Invited
"RURAL HEALTH SERVICES CONSORTIUM, INC.",ROGERSVILLE,TN,Invited
HOPE FAMILY HEALTH SERVICES,WESTMORELAND,TN,Invited
COMMUNITY ACTION CORPORATION OF SOUTH TEXAS,ALICE,TX,Participating
"STEPHEN F. AUSTIN COMMUNITY HEALTH CENTER, INC.",ALVIN,TX,Invited
PEOPLE'S COMMUNITY CLINIC,AUSTIN,TX,Participating
TRAVIS COUNTY HEALTHCARE DISTRICT,AUSTIN,TX,Participating
MATAGORDA EPISCOPAL HEALTH OUTREACH PROGRAM CORPORATION,BAY CITY,TX,Invited
HEALTH CENTER OF SOUTHEAST TEXAS,CLEVELAND,TX,Participating
"BRAZOS VALLEY COMMUNITY ACTION AGENCY, INC.",COLLEGE STA,TX,Invited
"LONE STAR COMMUNITY HEALTH CENTER, INC",CONROE,TX,Invited
AMISTAD COMMUNITY HEALTH CENTER.,CORPUS CHRISTI,TX,Invited
"COASTAL BEND WELLNESS FOUNDATION, INC.",CORPUS CHRISTI,TX,Invited
"SOUTH TEXAS RURAL HEALTH SERVICES, INC",COTULLA,TX,Invited
VIDAYSALUD HEALTH SYSTEM INC,CRYSTAL CITY,TX,Invited
DALLAS COUNTY HOSPITAL DISTRICT,DALLAS,TX,Invited
"HEALING HANDS MINISTRIES, INC.",DALLAS,TX,Invited
"LOS BARRIOS UNIDOS COMMUNITY CLINIC, INC.",DALLAS,TX,Invited
MARTIN LUTHER KING JR FAMILY CLINIC INC,DALLAS,TX,Invited
MISSION EAST DALLAS AND METROPLEX PROJECT,DALLAS,TX,Invited
UNITED MEDICAL CENTERS,EAGLE PASS,TX,Participating
"CENTRO DE SALUD FAMILIAR LA FE, INC",EL PASO,TX,Invited
CENTRO SAN VICENTE,EL PASO,TX,Participating
PROJECT VIDA HEALTH CENTER,EL PASO,TX,Participating
NORTH TEXAS AREA COMMUNITY HEALTH CENTERS INC,FORT WORTH,TX,Participating
LONE STAR CIRCLE OF CARE,GEORGETOWN,TX,Participating
"COMMUNITY HEALTH CENTERS OF SOUTH CENTRAL TEXAS, INC.",GONZALES,TX,Invited
SU CLINICA FAMILIAR,HARLINGEN,TX,Participating
"ASIAN AMERICAN HEALTH COALITION OF THE GREATER HOUSTON AREA, INC.",HOUSTON,TX,Invited
BEE BUSY WELLNESS CENTER,HOUSTON,TX,Invited
EL CENTRO DEL CORAZON,HOUSTON,TX,Participating
HARRIS HEALTH SYSTEM,HOUSTON,TX,Invited
HEALTH CARE FOR THE HOMELESS-HOUSTON,HOUSTON,TX,Invited
"HOUSTON AREA COMMUNITY SERVICES, INC.",HOUSTON,TX,Invited
"HOUSTON COMMUNITY HEALTH CENTERS, INC.",HOUSTON,TX,Invited
"LEGACY COMMUNITY HEALTH SERVICES, INC.",HOUSTON,TX,Participating
SAINT HOPE FOUNDATION,HOUSTON,TX,Invited
SPRING BRANCH COMMUNITY HEALTH CENTER,HOUSTON,TX,Participating
GATEWAY COMMUNITY HEALTH CENTER INC,LAREDO,TX,Participating
SOUTH PLAINS RURAL HEALTH SERVICES INC,LEVELLAND,TX,Invited
"SPECIAL HEALTH RESOURCES FOR TEXAS, INCORPORATED",LONGVIEW,TX,Invited
"COMMUNITY HEALTH CENTER OF LUBBOCK, INC., THE",LUBBOCK,TX,Invited
MIDLAND COMMUNITY HEALTHCARE SERVICES,MIDLAND,TX,Invited
"PASADENA HEALTH CENTER, INC.",PASADENA,TX,Invited
"NUESTRA CLINICA DEL VALLE, INC.",PHARR,TX,Participating
"REGENCE HEALTH NETWORK, INC.",PLAINVIEW,TX,Invited
"ATASCOSA HEALTH CENTER, INC.",PLEASANTON,TX,Invited
"GULF COAST HEALTH CENTER, INC.",PORT ARTHUR,TX,Invited
"FORT BEND FAMILY HEALTH CENTER, INC.",RICHMOND,TX,Invited
"BARRIO COMPREHENSIVE FAMILY HEALTH CARE CENTER, INC.",SAN ANTONIO,TX,Participating
EL CENTRO DEL BARRIO,SAN ANTONIO,TX,Participating
"CACTUS HEALTH SERVICES, INC.",SANDERSON,TX,Invited
COASTAL HEALTH & WELLNESS,TEXAS CITY,TX,Invited
TYLER FAMILY CIRCLE OF CARE,TYLER,TX,Invited
COMMUNITY HEALTH DEVELOPMENT INC,UVALDE,TX,Invited
"HEART OF TEXAS COMMUNITY HEALTH CENTER, INC.",WACO,TX,Participating
"PAIUTE INDIAN TRIBE OF UTAH, THE",CEDAR CITY,UT,Invited
CARBON MEDICAL SERVICE ASSOCIATION INCORPORATED,EAST CARBON,UT,Invited
"BEAR LAKE COMMUNITY HEALTH CENTER, INC.",GARDEN CITY,UT,Invited
"COMMUNITY HEALTH CENTERS, INC.",MIDVALE,UT,Participating
UTAH PARTNERS FOR HEALTH,MIDVALE,UT,Invited
"UTAH NAVAJO HEALTH SYSTEM, INC.",MONTEZUMA CREEK,UT,Invited
"MOUNTAINLANDS COMMUNITY HEALTH CENTER, INC",PROVO,UT,Invited
"WASATCH HOMELESS HEALTH CARE, INC.",SALT LAKE CTY,UT,Invited
"FIVE-TOWN HEALTH ALLIANCE, INC.",BRISTOL,VT,Invited
NORTHEAST WASHINGTON COUNTY COMMUNITY HEALTH INC,PLAINFIELD,VT,Invited
"RICHFORD HEALTH CENTER, INC.",RICHFORD,VT,Participating
FREDERIKSTED HEALTH CARE INC,ST CROIX,VI,Participating
ST THOMAS EAST END MEDICAL CENTER CORPORATION,ST THOMAS,VI,Invited
NEIGHBORHOOD HEALTH,ALEXANDRIA,VA,Participating
BLUE RIDGE MEDICAL CENTER INC,ARRINGTON,VA,Invited
PIEDMONT ACCESS TO HEALTH SERVICES INC,DANVILLE,VA,Participating
"HORIZON HEALTH SERVICES, INC.",IVOR,VA,Invited
LOUDOUN COMMUNITY HEALTH CENTER,LEESBURG,VA,Invited
JOHNSON HEALTH CENTER,MADISON HTS,VA,Invited
"PENINSULA INSTITUTE FOR COMMUNITY HEALTH, INC",NEWPORT NEWS,VA,Invited
"PORTSMOUTH COMMUNITY HEALTH CENTER, INC.",PORTSMOUTH,VA,Invited
DAILY PLANET INC,RICHMOND,VA,Invited
"RICHMOND, CITY OF",RICHMOND,VA,Invited
STONY CREEK COMMUNITY HEALTH CENTER,STONY CREEK,VA,Invited
"SOUTHERN DOMINION HEALTH SYSTEMS, INC.",VICTORIA,VA,Invited
"GREATER PRINCE WILLIAM AREA COMMUNITY HEALTH CENTER, INC.",WOODBRIDGE,VA,Participating
UNITY CARE NORTHWEST,BELLINGHAM,WA,Invited
PENINSULA COMMUNITY HEALTH SERVICES,BREMERTON,WA,Invited
NEW HEALTH PROGRAMS ASSOCIATION,CHEWELAH,WA,Invited
"CONFEDERATED TRIBES OF THE COLVILLE RESERVATION, THE",INCHELIUM,WA,Invited
COWLITZ FAMILY HEALTH CENTER,LONGVIEW,WA,Participating
GRANT COUNTY HOSPITAL DISTRICT 5,MATTAWA,WA,Invited
MOSES LAKE COMMUNITY HEALTH CENTER,MOSES LAKE,WA,Participating
FAMILY HEALTH CENTERS,OKANOGAN,WA,Participating
COLUMBIA BASIN HEALTH ASSOCIATION,OTHELLO,WA,Participating
TRI-CITIES COMMUNITY HEALTH,PASCO,WA,Participating
HEALTHPOINT,RENTON,WA,Participating
COUNTRY DOCTOR COMMUNITY CLINIC,SEATTLE,WA,Participating
INTERNATIONAL COMMUNITY HEALTH SERVICES,SEATTLE,WA,Participating
"KING, COUNTY OF",SEATTLE,WA,Participating
NEIGHBORCARE HEALTH,SEATTLE,WA,Invited
SEA-MAR COMMUNITY HEALTH CENTER,SEATTLE,WA,Participating
SEATTLE INDIAN HEALTH BOARD,SEATTLE,WA,Invited
COMMUNITY HEALTH ASSOCIATION OF SPOKANE,SPOKANE,WA,Participating
"N. A. T. I. V. E. PROJECT, THE",SPOKANE,WA,Invited
COMMUNITY HEALTH CARE,TACOMA,WA,Participating
YAKIMA VALLEY FARM WORKERS CLINIC,TOPPENISH,WA,Participating
COLUMBIA VALLEY COMMUNITY HEALTH,WENATCHEE,WA,Participating
YAKIMA NEIGHBORHOOD HEALTH SERVICES,YAKIMA,WA,Participating
"E. A. HAWSE HEALTH CENTER, INC.",BAKER,WV,Invited
"COMMUNITY HEALTH SYSTEMS, INC.",BECKLEY,WV,Invited
"CAMDEN-ON-GAULEY MEDICAL CENTER, INC.",CAMDEN ON GLY,WV,Invited
"TUG RIVER HEALTH ASSOCIATION, INC",GARY,WV,Invited
PRESTON TAYLOR COMMUNITY HEALTH CENTER,GRAFTON,WV,Invited
"VALLEY HEALTH SYSTEMS, INC.",HUNTINGTON,WV,Participating
"SHENANDOAH VALLEY MEDICAL SYSTEM, INCORPORATED",MARTINSBURG,WV,Participating
MOUNTAINEER COMMUNITY HEALTH CENTER INC,PAW PAW,WV,Invited
"RAINELLE MEDICAL CENTER, INC.",RAINELLE,WV,Invited
"NEW RIVER HEALTH ASSOCIATION, INC.",SCARBRO,WV,Invited
"WOMENCARE, INC.",SCOTT DEPOT,WV,Invited
COMMUNITY HEALTH SYSTEMS INC,BELOIT,WI,Invited
"LAKES COMMUNITY HEALTH CENTER, INC., THE",IRON RIVER,WI,Invited
KENOSHA COMMUNITY HEALTH CENTER INC,KENOSHA,WI,Invited
"ACCESS COMMUNITY HEALTH CENTERS, INC.",MADISON,WI,Invited
"FAMILY HEALTH CENTER OF MARSHFIELD, INC.",MARSHFIELD,WI,Invited
"GERALD L. IGNACE INDIAN HEALTH CENTER, INC.",MILWAUKEE,WI,Invited
"MILWAUKEE HEALTH SERVICES, INC.",MILWAUKEE,WI,Invited
"OUTREACH COMMUNITY HEALTH CENTERS, INC.",MILWAUKEE,WI,Invited
"PROGRESSIVE COMMUNITY HEALTH CENTERS, INC.",MILWAUKEE,WI,Invited
"SIXTEENTH STREET COMMUNITY HEALTH CENTERS, INC.",MILWAUKEE,WI,Invited
"LA CLINICA DE LOS CAMPESINOS, INC.",WAUTOMA,WI,Invited
"COMMUNITY HEALTH CENTER OF CENTRAL WYOMING, INC.",CASPER,WY,Invited
COMMUNITY ACTION OF LARAMIE COUNTY INC,CHEYENNE,WY,Participating
